
-- Database Backup --
-- Ver. : 1.0.1
-- Host : Server Host
-- Generating Time : Nov 02, 2023 at 09:01:44:AM


CREATE TABLE `bayar` (
  `id_bayar` int(10) NOT NULL AUTO_INCREMENT,
  `id_siswa` int(10) NOT NULL,
  `id_bayar_metode` int(10) NOT NULL,
  `keterangan` text NOT NULL,
  `bukti` varchar(255) NOT NULL,
  `status_verifikasi` varchar(100) NOT NULL,
  `nominal_bayar` int(20) NOT NULL,
  `tanggal_bayar` date NOT NULL,
  `dibuat_pada` datetime NOT NULL DEFAULT current_timestamp(),
  `diubah_pada` datetime NOT NULL DEFAULT current_timestamp(),
  `dihapus_pada` datetime DEFAULT NULL,
  PRIMARY KEY (`id_bayar`)
) ENGINE=InnoDB AUTO_INCREMENT=21 DEFAULT CHARSET=latin1 COLLATE=latin1_swedish_ci;

INSERT INTO bayar VALUES
("1","15","1","Bayar Via Gopay","2023_10_17_05_35_59_WhatsApp Image 2023-10-12 at 09.22.36.jpeg","Sudah Verifikasi","446000","2023-10-17","2023-10-17 11:35:59","2023-10-17 11:35:59",""),
("2","15","1","Bayar Via Gopay","2023_10_17_05_36_29_WhatsApp Image 2023-10-12 at 09.22.36.jpeg","Sudah Verifikasi","2000000","2023-10-17","2023-10-17 11:36:29","2023-10-17 11:36:29",""),
("3","15","1","Bayar Via Gopay","2023_10_17_05_36_48_WhatsApp Image 2023-10-12 at 09.22.36.jpeg","Sudah Verifikasi","500000","2023-10-17","2023-10-17 11:36:48","2023-10-17 11:36:48",""),
("4","1","1","Bayar Via Gopay","2023_10_19_05_31_00_WhatsApp Image 2023-10-12 at 09.22.36.jpeg","Sudah Verifikasi","500000","2023-10-01","2023-10-19 11:31:00","2023-10-19 11:31:00",""),
("5","2","1","Bayar Via Gopay","2023_10_19_05_31_28_WhatsApp Image 2023-10-12 at 09.22.36.jpeg","Sudah Verifikasi","500000","2023-10-09","2023-10-19 11:31:28","2023-10-19 11:31:28",""),
("6","17","1","Bayar Via Gopay","2023_10_19_05_32_07_WhatsApp Image 2023-10-12 at 09.22.36.jpeg","Sudah Verifikasi","500000","2023-10-03","2023-10-19 11:32:07","2023-10-19 11:32:07",""),
("7","18","1","Bayar Via Gopay","2023_10_19_05_32_27_WhatsApp Image 2023-10-12 at 09.22.36.jpeg","Sudah Verifikasi","500000","2023-10-12","2023-10-19 11:32:27","2023-10-19 11:32:27",""),
("8","3","1","Bayar Via Gopay","2023_10_19_05_32_44_WhatsApp Image 2023-10-12 at 09.22.36.jpeg","Sudah Verifikasi","500000","2023-10-13","2023-10-19 11:32:44","2023-10-19 11:32:44",""),
("9","5","1","Bayar Via Gopay","2023_10_19_05_33_56_WhatsApp Image 2023-10-12 at 09.22.36.jpeg","Sudah Verifikasi","500000","2023-10-10","2023-10-19 11:33:56","2023-10-19 11:33:56",""),
("10","4","1","Bayar Via Gopay","2023_10_19_05_34_24_WhatsApp Image 2023-10-12 at 09.22.36.jpeg","Sudah Verifikasi","500000","2023-10-06","2023-10-19 11:34:24","2023-10-19 11:34:24",""),
("11","6","1","Bayar Via Gopay","2023_10_19_05_37_06_WhatsApp Image 2023-10-12 at 09.22.36.jpeg","Sudah Verifikasi","500000","2023-09-06","2023-10-19 11:37:06","2023-10-19 11:37:06",""),
("12","7","1","Bayar Via Gopay","2023_10_19_05_37_51_WhatsApp Image 2023-10-12 at 09.22.36.jpeg","Sudah Verifikasi","500000","2023-09-13","2023-10-19 11:37:51","2023-10-19 11:37:51",""),
("13","8","1","Bayar Via Gopay","2023_10_19_05_38_25_WhatsApp Image 2023-10-12 at 09.22.36.jpeg","Sudah Verifikasi","500000","2023-09-22","2023-10-19 11:38:25","2023-10-19 11:38:25",""),
("14","9","1","Bayar Via Gopay","2023_10_19_05_38_55_WhatsApp Image 2023-10-12 at 09.22.36.jpeg","Sudah Verifikasi","500000","2023-09-21","2023-10-19 11:38:55","2023-10-19 11:38:55",""),
("15","10","1","Bayar Via Gopay","2023_10_19_05_39_33_WhatsApp Image 2023-10-12 at 09.22.36.jpeg","Sudah Verifikasi","500000","2023-09-12","2023-10-19 11:39:33","2023-10-19 11:39:33",""),
("16","11","1","Bayar Via Gopay","2023_10_19_05_40_20_WhatsApp Image 2023-10-12 at 09.22.36.jpeg","Sudah Verifikasi","500000","2023-09-08","2023-10-19 11:40:20","2023-10-19 11:40:20",""),
("17","12","1","Bayar Via Gopay","2023_10_19_05_40_50_WhatsApp Image 2023-10-12 at 09.22.36.jpeg","Sudah Verifikasi","500000","2023-09-29","2023-10-19 11:40:50","2023-10-19 11:40:50",""),
("18","13","1","Bayar Via Gopay","2023_10_19_05_41_19_WhatsApp Image 2023-10-12 at 09.22.36.jpeg","Sudah Verifikasi","500000","2023-09-17","2023-10-19 11:41:19","2023-10-19 11:41:19",""),
("19","14","1","Bayar Via Gopay","2023_10_19_05_41_50_WhatsApp Image 2023-10-12 at 09.22.36.jpeg","Sudah Verifikasi","500000","2023-09-15","2023-10-19 11:41:50","2023-10-19 11:41:50",""),
("20","16","1","Bayar Via Gopay","2023_10_19_05_42_19_WhatsApp Image 2023-10-12 at 09.22.36.jpeg","Sudah Verifikasi","500000","2023-09-01","2023-10-19 11:42:19","2023-10-19 11:42:19","");

CREATE TABLE `bayar_alokasi` (
  `id_bayar_alokasi` int(10) NOT NULL AUTO_INCREMENT,
  `id_bayar` int(10) NOT NULL,
  `id_tagihan` int(10) NOT NULL,
  `total_alokasi` int(17) NOT NULL,
  `dialokasikan_oleh` varchar(100) NOT NULL,
  `dibuat_pada` datetime NOT NULL,
  `diubah_pada` datetime NOT NULL DEFAULT current_timestamp(),
  `dihapus_pada` datetime DEFAULT NULL,
  PRIMARY KEY (`id_bayar_alokasi`)
) ENGINE=InnoDB AUTO_INCREMENT=40 DEFAULT CHARSET=utf8mb4 COLLATE=utf8mb4_general_ci;

INSERT INTO bayar_alokasi VALUES
("1","1","183","446000","Otomatis Oleh Sistem","0000-00-00 00:00:00","2023-10-17 11:35:59",""),
("2","2","184","446000","Otomatis Oleh Sistem","0000-00-00 00:00:00","2023-10-17 11:36:29",""),
("3","2","185","446000","Otomatis Oleh Sistem","0000-00-00 00:00:00","2023-10-17 11:36:29",""),
("4","2","186","1108000","Otomatis Oleh Sistem","0000-00-00 00:00:00","2023-10-17 11:36:29",""),
("5","3","186","500000","Otomatis Oleh Sistem","0000-00-00 00:00:00","2023-10-17 11:36:48",""),
("6","4","1","446001","Otomatis Oleh Sistem","0000-00-00 00:00:00","2023-10-19 11:31:00",""),
("7","4","2","53999","Otomatis Oleh Sistem","0000-00-00 00:00:00","2023-10-19 11:31:00",""),
("8","5","14","446001","Otomatis Oleh Sistem","0000-00-00 00:00:00","2023-10-19 11:31:28",""),
("9","5","15","53999","Otomatis Oleh Sistem","0000-00-00 00:00:00","2023-10-19 11:31:28",""),
("10","6","209","446001","Otomatis Oleh Sistem","0000-00-00 00:00:00","2023-10-19 11:32:07",""),
("11","6","210","53999","Otomatis Oleh Sistem","0000-00-00 00:00:00","2023-10-19 11:32:07",""),
("12","7","222","446001","Otomatis Oleh Sistem","0000-00-00 00:00:00","2023-10-19 11:32:27",""),
("13","7","223","53999","Otomatis Oleh Sistem","0000-00-00 00:00:00","2023-10-19 11:32:27",""),
("14","8","27","446001","Otomatis Oleh Sistem","0000-00-00 00:00:00","2023-10-19 11:32:44",""),
("15","8","28","53999","Otomatis Oleh Sistem","0000-00-00 00:00:00","2023-10-19 11:32:44",""),
("16","9","53","446001","Otomatis Oleh Sistem","0000-00-00 00:00:00","2023-10-19 11:33:56",""),
("17","9","54","53999","Otomatis Oleh Sistem","0000-00-00 00:00:00","2023-10-19 11:33:56",""),
("18","10","40","446001","Otomatis Oleh Sistem","0000-00-00 00:00:00","2023-10-19 11:34:24",""),
("19","10","41","53999","Otomatis Oleh Sistem","0000-00-00 00:00:00","2023-10-19 11:34:24",""),
("20","11","66","446001","Otomatis Oleh Sistem","0000-00-00 00:00:00","2023-10-19 11:37:06",""),
("21","11","67","53999","Otomatis Oleh Sistem","0000-00-00 00:00:00","2023-10-19 11:37:06",""),
("22","12","79","446001","Otomatis Oleh Sistem","0000-00-00 00:00:00","2023-10-19 11:37:51",""),
("23","12","80","53999","Otomatis Oleh Sistem","0000-00-00 00:00:00","2023-10-19 11:37:52",""),
("24","13","92","446001","Otomatis Oleh Sistem","0000-00-00 00:00:00","2023-10-19 11:38:25",""),
("25","13","93","53999","Otomatis Oleh Sistem","0000-00-00 00:00:00","2023-10-19 11:38:25",""),
("26","14","105","446001","Otomatis Oleh Sistem","0000-00-00 00:00:00","2023-10-19 11:38:55",""),
("27","14","106","53999","Otomatis Oleh Sistem","0000-00-00 00:00:00","2023-10-19 11:38:55",""),
("28","15","118","446001","Otomatis Oleh Sistem","0000-00-00 00:00:00","2023-10-19 11:39:33",""),
("29","15","119","53999","Otomatis Oleh Sistem","0000-00-00 00:00:00","2023-10-19 11:39:33",""),
("30","16","131","446001","Otomatis Oleh Sistem","0000-00-00 00:00:00","2023-10-19 11:40:20",""),
("31","16","132","53999","Otomatis Oleh Sistem","0000-00-00 00:00:00","2023-10-19 11:40:20",""),
("32","17","144","446001","Otomatis Oleh Sistem","0000-00-00 00:00:00","2023-10-19 11:40:50",""),
("33","17","145","53999","Otomatis Oleh Sistem","0000-00-00 00:00:00","2023-10-19 11:40:50",""),
("34","18","157","446001","Otomatis Oleh Sistem","0000-00-00 00:00:00","2023-10-19 11:41:19",""),
("35","18","158","53999","Otomatis Oleh Sistem","0000-00-00 00:00:00","2023-10-19 11:41:19",""),
("36","19","170","446001","Otomatis Oleh Sistem","0000-00-00 00:00:00","2023-10-19 11:41:50",""),
("37","19","171","53999","Otomatis Oleh Sistem","0000-00-00 00:00:00","2023-10-19 11:41:50",""),
("38","20","196","446001","Otomatis Oleh Sistem","0000-00-00 00:00:00","2023-10-19 11:42:19",""),
("39","20","197","53999","Otomatis Oleh Sistem","0000-00-00 00:00:00","2023-10-19 11:42:19","");

CREATE TABLE `bayar_metode` (
  `id_bayar_metode` int(10) NOT NULL AUTO_INCREMENT,
  `metode` varchar(100) NOT NULL,
  `nomor_rekening` varchar(100) NOT NULL,
  `dibuat_pada` datetime NOT NULL DEFAULT current_timestamp(),
  `diubah_pada` datetime NOT NULL DEFAULT current_timestamp(),
  `dihapus_pada` datetime DEFAULT NULL,
  PRIMARY KEY (`id_bayar_metode`)
) ENGINE=InnoDB AUTO_INCREMENT=3 DEFAULT CHARSET=utf8mb4 COLLATE=utf8mb4_general_ci;

INSERT INTO bayar_metode VALUES
("1","Transfer Ke Bank BTN Rekening SMK Triatma Jaya Badung","00555-0130-0000028","2023-09-19 08:50:46","2023-09-19 08:50:46",""),
("2","Transfer Ke Bank BTN Rekening OSIS SMK Triatma Jaya Badung","0055-0188-0000085","2023-09-19 08:50:46","2023-09-19 08:50:46","");

CREATE TABLE `biaya` (
  `id_biaya` int(10) NOT NULL AUTO_INCREMENT,
  `id_periode` int(10) NOT NULL,
  `deskripsi_biaya` varchar(200) NOT NULL,
  `jumlah_biaya` int(17) NOT NULL,
  `tanggal_jatuh_tempo` date NOT NULL,
  `tingkat` int(2) DEFAULT NULL,
  `id_jurusan` int(10) DEFAULT NULL,
  `dibuat_pada` datetime NOT NULL DEFAULT current_timestamp(),
  `diubah_pada` datetime NOT NULL DEFAULT current_timestamp(),
  `dihapus_pada` datetime DEFAULT NULL,
  PRIMARY KEY (`id_biaya`)
) ENGINE=InnoDB AUTO_INCREMENT=14 DEFAULT CHARSET=latin1 COLLATE=latin1_swedish_ci;

INSERT INTO biaya VALUES
("1","1","SPP Juli 2023","446001","2023-07-21","12","1","2023-08-31 08:50:58","2023-08-31 08:50:58",""),
("2","1","SPP Agustus 2023","446000","2023-08-20","12","1","2023-08-31 08:52:15","2023-08-31 08:52:15",""),
("3","1","SPP September 2023","446000","2023-09-20","12","1","2023-08-31 08:53:22","2023-08-31 08:53:22",""),
("4","1","Uang Study Tour","2500000","2023-09-22","12","1","2023-08-31 08:54:56","2023-08-31 08:54:56",""),
("5","1","SPP Oktober 2023","4460000","2023-10-04","12","1","2023-08-31 08:55:26","2023-08-31 08:55:26",""),
("6","1","SPP November 2023","446000","2023-11-20","12","1","2023-08-31 08:55:51","2023-08-31 08:55:51",""),
("7","1","SPP Desember 2023","446000","2023-12-20","12","1","2023-08-31 08:56:18","2023-08-31 08:56:18",""),
("8","1","SPP Januari 2024","446000","2024-01-20","12","1","2023-08-31 08:57:53","2023-08-31 08:57:53",""),
("9","1","SPP Februari 2024","446000","2024-02-20","12","1","2023-08-31 08:59:59","2023-08-31 08:59:59",""),
("10","1","SPP Maret 2024","446000","2024-03-20","12","1","2023-08-31 09:00:37","2023-08-31 09:00:37",""),
("11","1","SPP April 2024","446000","2024-04-20","12","1","2023-08-31 09:01:04","2023-08-31 09:01:04",""),
("12","1","SPP Mei 2024","446000","2024-05-20","12","1","2023-08-31 09:01:38","2023-08-31 09:01:38",""),
("13","1","SPP Juni 2024","446000","2024-06-20","12","1","2023-08-31 09:02:34","2023-08-31 09:02:34","");

CREATE TABLE `jurusan` (
  `id_jurusan` int(10) NOT NULL AUTO_INCREMENT,
  `jurusan` varchar(100) NOT NULL,
  `dibuat_pada` datetime NOT NULL DEFAULT current_timestamp(),
  `diubah_pada` datetime NOT NULL DEFAULT current_timestamp(),
  `dihapus_pada` datetime DEFAULT NULL,
  PRIMARY KEY (`id_jurusan`)
) ENGINE=InnoDB AUTO_INCREMENT=5 DEFAULT CHARSET=utf8mb4 COLLATE=utf8mb4_general_ci;

INSERT INTO jurusan VALUES
("1","Pengembangan Perangkat Lunak & Gim","2023-09-05 08:13:32","2023-09-05 08:15:39",""),
("2","Tata Kecantikan","2023-09-05 08:13:32","2023-09-05 08:15:39",""),
("3","Kuliner","2023-09-05 08:16:11","2023-09-05 08:17:17",""),
("4","Perhotelan","2023-09-05 08:16:11","2023-09-05 08:17:17","");

CREATE TABLE `periode` (
  `id_periode` int(10) NOT NULL AUTO_INCREMENT,
  `periode` varchar(100) NOT NULL,
  `tanggal_awal` date NOT NULL,
  `tanggal_akhir` date NOT NULL,
  `dibuat_pada` datetime NOT NULL DEFAULT current_timestamp(),
  `diubah_pada` datetime NOT NULL DEFAULT current_timestamp(),
  `dihapus_pada` datetime DEFAULT NULL,
  PRIMARY KEY (`id_periode`)
) ENGINE=InnoDB AUTO_INCREMENT=3 DEFAULT CHARSET=latin1 COLLATE=latin1_swedish_ci;

INSERT INTO periode VALUES
("1","Tahun Ajar 2023/2024","2023-07-01","2024-06-30","2023-08-31 08:49:04","2023-08-31 08:49:04",""),
("2","Tahun Ajar 2024/2025","2024-07-01","2025-06-30","2023-08-31 08:49:53","2023-08-31 08:49:53","");

CREATE TABLE `siswa` (
  `id_siswa` int(10) NOT NULL AUTO_INCREMENT,
  `nis` varchar(20) NOT NULL,
  `nama` varchar(200) NOT NULL,
  `kelas` varchar(50) NOT NULL,
  `tingkat` int(2) NOT NULL,
  `id_jurusan` int(10) NOT NULL,
  `alamat` text NOT NULL,
  `no_hp` varchar(20) NOT NULL,
  `email` varchar(50) NOT NULL,
  `dibuat_pada` datetime NOT NULL DEFAULT current_timestamp(),
  `diubah_pada` datetime NOT NULL DEFAULT current_timestamp(),
  `dihapus_pada` datetime DEFAULT NULL,
  PRIMARY KEY (`id_siswa`)
) ENGINE=InnoDB AUTO_INCREMENT=34 DEFAULT CHARSET=latin1 COLLATE=latin1_swedish_ci;

INSERT INTO siswa VALUES
("1","4950","Aline Syahfitri","XII RPL","12","1","Jl. Mersada, No.1, Kuta Utara, Badung.","081805594344","alinekullbet1@gmail.com","2023-09-05 07:55:09","2023-09-05 07:55:09",""),
("2","4951","Bezaliel Cahya Yehuda","XII RPL","12","1","Jl. Gunung Andakasa, Gg. Matahari 1A, Denpasar Barat.","085738055323","superb3k@gmail.com","2023-09-05 07:58:08","2023-09-05 07:58:08",""),
("3","4952","Fibri Wiliana Putri","XII RPL","12","1","Perumahan Kuwum Jl. Graha Asri I, No. 19,  Marga, Tabanan","081339682031","fibrisukabl@gmail.com","2023-09-05 08:02:06","2023-09-05 08:02:06",""),
("4","4953","Gede Andi Perayoga","XII RPL","12","1","Jl. Raya Anyar, No. 16, Kuta Utara","087867635630","bapukperayoga12@gmail.com","2023-09-05 08:04:11","2023-09-05 08:04:11",""),
("5","4954","I Gede Erick Fujianto Lilla","XII RPL","12","1","Jl. Kubu gunung, Gg. Mawar, No. 77x","085973912032","bjirick3@gmail.com","2023-09-05 09:42:01","2023-09-05 09:42:01",""),
("6","4955","I Putu Arya Ady Susena","XII RPL","12","1","Jl. Fatma Utara, No.524","089661718111","susenavespa1@gmail.com","2023-09-05 09:46:03","2023-09-05 09:46:03",""),
("7","4956","Komang Risma Tri Pradnyani","XII RPL","12","1","Jl. Dalung Permai","085792958529","smartrisma12@gmail.com","2023-09-05 09:55:27","2023-09-05 09:55:27",""),
("8","4957","Magdalena Febiayu Kantur","XII RPL","12","1","Jl. Abianbase","081246401384","valentin1@gmail.com","2023-09-05 09:57:35","2023-09-05 09:57:35",""),
("9","4958","Nasywa Ramadhani","XII RPL","12","1","Jl. Merpati Monang-Maning, No.12A, Denpasar Barat","085857972058","nasiwok@gmail.com","2023-09-05 09:58:59","2023-09-05 09:58:59",""),
("10","4959","Ni Kadek Dwi Swandewi","XII RPL","12","1","Jl. Br. Tulibung Karang","087860052445","swandewi12@gmail.com","2023-09-05 10:02:34","2023-09-05 10:02:34",""),
("11","4960","Ni Kadek Nina Antari","XII RPL","12","1","Jl. Raya Kapal, Badung","08985337373","ninaseleb@gmail.com","2023-09-05 11:21:20","2023-09-05 11:21:20",""),
("12","4561","Ni Luh Chelsea Widyadari","XII RPL","12","1","Jl. Tibubeneng, Kuta Utara","087734632004","chealsea123@gmail.com","2023-09-05 11:22:57","2023-09-05 11:22:57",""),
("13","4562","Ni Luh Putu Diah Martiani","XII RPL","12","1","Jl. Dalung Permai","0895394536866","diahmartiani123@gmail.com","2023-09-05 11:24:57","2023-09-05 11:24:57",""),
("14","4563","Ni Putu Nia Pradnya Oktaviani","XII RPL","12","1","Jl. Tanah Lot, Tabanan","089508466041","niaosis123@gmail.com","2023-09-05 11:27:47","2023-09-05 11:27:47",""),
("15","4564","Williams Jacobus Felanuel","XII RPL","12","1","Jl. Pesona Dalung Permai IV, No. 13","081917913625","williampecintasusu@gmail.com","2023-09-05 11:33:53","2023-09-05 11:33:53",""),
("16","4965","Zaid Assya Yudah","XII RPL","12","1","Jl. Tegal Dukuh Selatan, Gg. Srikaya II, No. 1","085738910245","zaidsukafreya@gmail.com","2023-09-05 11:38:32","2023-09-05 11:38:32",""),
("17","4966","Dewa Made Martha Abimayu","XII RPL","12","1","Jl. Arjuna, No. 2, Abianbase","085738114582","dewatukanggawe12@gmail.com","2023-09-05 11:40:29","2023-09-05 11:40:29",""),
("18","4967","Ferrell Feivel Waworuntu","XII RPL","12","1","Jl. Pura Demak, No. 25, Denpasar","081239182412","wawo123@gmail.com","2023-09-05 11:42:35","2023-09-05 11:42:35",""),
("19","2001","Muhammad Gyovani Rofexu D","XII JB1","12","3","Jl. Danau Toba","0891234567","topanmalam12@gmail.com","2023-09-12 09:15:14","2023-09-12 09:15:14",""),
("20","2002","Putu Bagus Wellson","XII JB1","12","3","Jl. Gunung Toba","0891234567","dylon@gmail.com","2023-09-12 09:17:01","2023-09-12 09:17:01",""),
("21","2003","Gede Bayu Mahendra Puta","XII JB1","12","3","Jl. Gatsu ","08123456789","bayu@gmail.com","2023-09-12 09:18:13","2023-09-12 09:18:13",""),
("22","2004","Fortunella","XII JB1","12","3","Jl. pot bunga","08791234567","nella@gmail.com","2023-09-12 09:19:52","2023-09-12 09:19:52",""),
("23","2005","Alvon Karido Pratama","XII JB2","12","3","Jl. Tanah Lot","08791234567","shiroi@gmail.com","2023-09-12 09:21:40","2023-09-12 09:21:40",""),
("24","2006","Putu Devina Mayuni","XII AP1","12","4","Jl. Kiilua","08123456789","devina@gmail.com","2023-09-12 09:23:02","2023-09-12 09:23:02",""),
("25","2007","Made Odette","XII AP2","12","4","Jl.  Land Of Dawn","08912344567","odette12@gmail.com","2023-09-12 09:25:02","2023-09-12 09:25:02",""),
("26","2008","Joko Widodo","XII AP1","12","4","Jl. Abdi Negara","08123456789","masowi@gmail.com","2023-09-12 09:26:26","2023-09-12 09:26:26",""),
("27","2009","Prabowo Subianto","XII AP 1","12","4","Jl. Abdi Negri","08122222234","prabowo12@gmail.com","2023-09-12 09:27:31","2023-09-12 09:27:31",""),
("28","2010","Oktafia Putri Ramadhani","XII AP1","12","4","Jl. Werkudara","08512346789","okta12@gmail.com","2023-09-12 09:29:36","2023-09-12 09:29:36",""),
("29","2011","Trinita Abektiani","XII TKC","12","2","Jl. Hantu","08976543212","nita12@gmail.com","2023-09-12 09:31:13","2023-09-12 09:31:13",""),
("30","2012","Maena Defitri","XII TKC","12","2","Jl. Prof. Soekarno","08712345980","maena12@gmail.com","2023-09-12 09:32:31","2023-09-12 09:32:31",""),
("31","2013","Yuta","XII TKC","12","2","Jl. Gacor Kang","081234567","yuta12@gmail.com","2023-09-12 09:35:04","2023-09-12 09:35:04",""),
("32","2014","Nely Apriani","XII TKC","12","2","Jl. jelly","0851234678","nely12@gmail.com","2023-09-12 09:36:38","2023-09-12 09:36:38",""),
("33","2015","Sukri","XII TKC","12","2","Jl. Buleleng","0861234578","sukri12@gmail.com","2023-09-12 09:38:25","2023-09-12 09:38:25","");

CREATE TABLE `tagihan` (
  `id_tagihan` int(10) NOT NULL AUTO_INCREMENT,
  `id_biaya` int(10) NOT NULL,
  `id_siswa` int(10) NOT NULL,
  `kelas` varchar(50) NOT NULL,
  `keterangan` varchar(200) NOT NULL,
  `potongan` int(20) NOT NULL DEFAULT 0,
  `total_terbayar` int(20) NOT NULL DEFAULT 0,
  `dibuat_pada` datetime NOT NULL DEFAULT current_timestamp(),
  `diubah_pada` datetime NOT NULL DEFAULT current_timestamp(),
  `dihapus_pada` datetime DEFAULT NULL,
  PRIMARY KEY (`id_tagihan`)
) ENGINE=InnoDB AUTO_INCREMENT=235 DEFAULT CHARSET=latin1 COLLATE=latin1_swedish_ci;

INSERT INTO tagihan VALUES
("1","1","1","XII RPL","","0","446001","2023-10-17 11:35:15","2023-10-17 11:35:15",""),
("2","2","1","XII RPL","","0","53999","2023-10-17 11:35:15","2023-10-17 11:35:15",""),
("3","3","1","XII RPL","","0","0","2023-10-17 11:35:15","2023-10-17 11:35:15",""),
("4","4","1","XII RPL","","0","0","2023-10-17 11:35:15","2023-10-17 11:35:15",""),
("5","5","1","XII RPL","","0","0","2023-10-17 11:35:15","2023-10-17 11:35:15",""),
("6","6","1","XII RPL","","0","0","2023-10-17 11:35:15","2023-10-17 11:35:15",""),
("7","7","1","XII RPL","","0","0","2023-10-17 11:35:15","2023-10-17 11:35:15",""),
("8","8","1","XII RPL","","0","0","2023-10-17 11:35:15","2023-10-17 11:35:15",""),
("9","9","1","XII RPL","","0","0","2023-10-17 11:35:15","2023-10-17 11:35:15",""),
("10","10","1","XII RPL","","0","0","2023-10-17 11:35:15","2023-10-17 11:35:15",""),
("11","11","1","XII RPL","","0","0","2023-10-17 11:35:15","2023-10-17 11:35:15",""),
("12","12","1","XII RPL","","0","0","2023-10-17 11:35:15","2023-10-17 11:35:15",""),
("13","13","1","XII RPL","","0","0","2023-10-17 11:35:15","2023-10-17 11:35:15",""),
("14","1","2","XII RPL","","0","446001","2023-10-17 11:35:15","2023-10-17 11:35:15",""),
("15","2","2","XII RPL","","0","53999","2023-10-17 11:35:15","2023-10-17 11:35:15",""),
("16","3","2","XII RPL","","0","0","2023-10-17 11:35:15","2023-10-17 11:35:15",""),
("17","4","2","XII RPL","","0","0","2023-10-17 11:35:15","2023-10-17 11:35:15",""),
("18","5","2","XII RPL","","0","0","2023-10-17 11:35:15","2023-10-17 11:35:15",""),
("19","6","2","XII RPL","","0","0","2023-10-17 11:35:15","2023-10-17 11:35:15",""),
("20","7","2","XII RPL","","0","0","2023-10-17 11:35:15","2023-10-17 11:35:15",""),
("21","8","2","XII RPL","","0","0","2023-10-17 11:35:15","2023-10-17 11:35:15",""),
("22","9","2","XII RPL","","0","0","2023-10-17 11:35:15","2023-10-17 11:35:15",""),
("23","10","2","XII RPL","","0","0","2023-10-17 11:35:15","2023-10-17 11:35:15",""),
("24","11","2","XII RPL","","0","0","2023-10-17 11:35:15","2023-10-17 11:35:15",""),
("25","12","2","XII RPL","","0","0","2023-10-17 11:35:15","2023-10-17 11:35:15",""),
("26","13","2","XII RPL","","0","0","2023-10-17 11:35:15","2023-10-17 11:35:15",""),
("27","1","3","XII RPL","","0","446001","2023-10-17 11:35:15","2023-10-17 11:35:15",""),
("28","2","3","XII RPL","","0","53999","2023-10-17 11:35:15","2023-10-17 11:35:15",""),
("29","3","3","XII RPL","","0","0","2023-10-17 11:35:15","2023-10-17 11:35:15",""),
("30","4","3","XII RPL","","0","0","2023-10-17 11:35:15","2023-10-17 11:35:15",""),
("31","5","3","XII RPL","","0","0","2023-10-17 11:35:15","2023-10-17 11:35:15",""),
("32","6","3","XII RPL","","0","0","2023-10-17 11:35:15","2023-10-17 11:35:15",""),
("33","7","3","XII RPL","","0","0","2023-10-17 11:35:15","2023-10-17 11:35:15",""),
("34","8","3","XII RPL","","0","0","2023-10-17 11:35:15","2023-10-17 11:35:15",""),
("35","9","3","XII RPL","","0","0","2023-10-17 11:35:15","2023-10-17 11:35:15",""),
("36","10","3","XII RPL","","0","0","2023-10-17 11:35:15","2023-10-17 11:35:15",""),
("37","11","3","XII RPL","","0","0","2023-10-17 11:35:15","2023-10-17 11:35:15",""),
("38","12","3","XII RPL","","0","0","2023-10-17 11:35:15","2023-10-17 11:35:15",""),
("39","13","3","XII RPL","","0","0","2023-10-17 11:35:15","2023-10-17 11:35:15",""),
("40","1","4","XII RPL","","0","446001","2023-10-17 11:35:15","2023-10-17 11:35:15",""),
("41","2","4","XII RPL","","0","53999","2023-10-17 11:35:15","2023-10-17 11:35:15",""),
("42","3","4","XII RPL","","0","0","2023-10-17 11:35:15","2023-10-17 11:35:15",""),
("43","4","4","XII RPL","","0","0","2023-10-17 11:35:15","2023-10-17 11:35:15",""),
("44","5","4","XII RPL","","0","0","2023-10-17 11:35:15","2023-10-17 11:35:15",""),
("45","6","4","XII RPL","","0","0","2023-10-17 11:35:15","2023-10-17 11:35:15",""),
("46","7","4","XII RPL","","0","0","2023-10-17 11:35:15","2023-10-17 11:35:15",""),
("47","8","4","XII RPL","","0","0","2023-10-17 11:35:15","2023-10-17 11:35:15",""),
("48","9","4","XII RPL","","0","0","2023-10-17 11:35:15","2023-10-17 11:35:15",""),
("49","10","4","XII RPL","","0","0","2023-10-17 11:35:15","2023-10-17 11:35:15",""),
("50","11","4","XII RPL","","0","0","2023-10-17 11:35:15","2023-10-17 11:35:15",""),
("51","12","4","XII RPL","","0","0","2023-10-17 11:35:15","2023-10-17 11:35:15",""),
("52","13","4","XII RPL","","0","0","2023-10-17 11:35:15","2023-10-17 11:35:15",""),
("53","1","5","XII RPL","","0","446001","2023-10-17 11:35:15","2023-10-17 11:35:15",""),
("54","2","5","XII RPL","","0","53999","2023-10-17 11:35:15","2023-10-17 11:35:15",""),
("55","3","5","XII RPL","","0","0","2023-10-17 11:35:15","2023-10-17 11:35:15",""),
("56","4","5","XII RPL","","0","0","2023-10-17 11:35:15","2023-10-17 11:35:15",""),
("57","5","5","XII RPL","","0","0","2023-10-17 11:35:15","2023-10-17 11:35:15",""),
("58","6","5","XII RPL","","0","0","2023-10-17 11:35:15","2023-10-17 11:35:15",""),
("59","7","5","XII RPL","","0","0","2023-10-17 11:35:15","2023-10-17 11:35:15",""),
("60","8","5","XII RPL","","0","0","2023-10-17 11:35:15","2023-10-17 11:35:15",""),
("61","9","5","XII RPL","","0","0","2023-10-17 11:35:15","2023-10-17 11:35:15",""),
("62","10","5","XII RPL","","0","0","2023-10-17 11:35:15","2023-10-17 11:35:15",""),
("63","11","5","XII RPL","","0","0","2023-10-17 11:35:15","2023-10-17 11:35:15",""),
("64","12","5","XII RPL","","0","0","2023-10-17 11:35:15","2023-10-17 11:35:15",""),
("65","13","5","XII RPL","","0","0","2023-10-17 11:35:15","2023-10-17 11:35:15",""),
("66","1","6","XII RPL","","0","446001","2023-10-17 11:35:15","2023-10-17 11:35:15",""),
("67","2","6","XII RPL","","0","53999","2023-10-17 11:35:15","2023-10-17 11:35:15",""),
("68","3","6","XII RPL","","0","0","2023-10-17 11:35:15","2023-10-17 11:35:15",""),
("69","4","6","XII RPL","","0","0","2023-10-17 11:35:15","2023-10-17 11:35:15",""),
("70","5","6","XII RPL","","0","0","2023-10-17 11:35:15","2023-10-17 11:35:15",""),
("71","6","6","XII RPL","","0","0","2023-10-17 11:35:15","2023-10-17 11:35:15",""),
("72","7","6","XII RPL","","0","0","2023-10-17 11:35:15","2023-10-17 11:35:15",""),
("73","8","6","XII RPL","","0","0","2023-10-17 11:35:15","2023-10-17 11:35:15",""),
("74","9","6","XII RPL","","0","0","2023-10-17 11:35:15","2023-10-17 11:35:15",""),
("75","10","6","XII RPL","","0","0","2023-10-17 11:35:15","2023-10-17 11:35:15",""),
("76","11","6","XII RPL","","0","0","2023-10-17 11:35:15","2023-10-17 11:35:15",""),
("77","12","6","XII RPL","","0","0","2023-10-17 11:35:15","2023-10-17 11:35:15",""),
("78","13","6","XII RPL","","0","0","2023-10-17 11:35:15","2023-10-17 11:35:15",""),
("79","1","7","XII RPL","","0","446001","2023-10-17 11:35:15","2023-10-17 11:35:15",""),
("80","2","7","XII RPL","","0","53999","2023-10-17 11:35:15","2023-10-17 11:35:15",""),
("81","3","7","XII RPL","","0","0","2023-10-17 11:35:15","2023-10-17 11:35:15",""),
("82","4","7","XII RPL","","0","0","2023-10-17 11:35:15","2023-10-17 11:35:15",""),
("83","5","7","XII RPL","","0","0","2023-10-17 11:35:15","2023-10-17 11:35:15",""),
("84","6","7","XII RPL","","0","0","2023-10-17 11:35:15","2023-10-17 11:35:15",""),
("85","7","7","XII RPL","","0","0","2023-10-17 11:35:15","2023-10-17 11:35:15",""),
("86","8","7","XII RPL","","0","0","2023-10-17 11:35:15","2023-10-17 11:35:15",""),
("87","9","7","XII RPL","","0","0","2023-10-17 11:35:15","2023-10-17 11:35:15",""),
("88","10","7","XII RPL","","0","0","2023-10-17 11:35:15","2023-10-17 11:35:15",""),
("89","11","7","XII RPL","","0","0","2023-10-17 11:35:15","2023-10-17 11:35:15",""),
("90","12","7","XII RPL","","0","0","2023-10-17 11:35:15","2023-10-17 11:35:15",""),
("91","13","7","XII RPL","","0","0","2023-10-17 11:35:15","2023-10-17 11:35:15",""),
("92","1","8","XII RPL","","0","446001","2023-10-17 11:35:15","2023-10-17 11:35:15",""),
("93","2","8","XII RPL","","0","53999","2023-10-17 11:35:15","2023-10-17 11:35:15",""),
("94","3","8","XII RPL","","0","0","2023-10-17 11:35:15","2023-10-17 11:35:15",""),
("95","4","8","XII RPL","","0","0","2023-10-17 11:35:15","2023-10-17 11:35:15",""),
("96","5","8","XII RPL","","0","0","2023-10-17 11:35:15","2023-10-17 11:35:15",""),
("97","6","8","XII RPL","","0","0","2023-10-17 11:35:15","2023-10-17 11:35:15",""),
("98","7","8","XII RPL","","0","0","2023-10-17 11:35:15","2023-10-17 11:35:15",""),
("99","8","8","XII RPL","","0","0","2023-10-17 11:35:15","2023-10-17 11:35:15",""),
("100","9","8","XII RPL","","0","0","2023-10-17 11:35:15","2023-10-17 11:35:15","");
INSERT INTO tagihan VALUES
("101","10","8","XII RPL","","0","0","2023-10-17 11:35:15","2023-10-17 11:35:15",""),
("102","11","8","XII RPL","","0","0","2023-10-17 11:35:15","2023-10-17 11:35:15",""),
("103","12","8","XII RPL","","0","0","2023-10-17 11:35:15","2023-10-17 11:35:15",""),
("104","13","8","XII RPL","","0","0","2023-10-17 11:35:15","2023-10-17 11:35:15",""),
("105","1","9","XII RPL","","0","446001","2023-10-17 11:35:15","2023-10-17 11:35:15",""),
("106","2","9","XII RPL","","0","53999","2023-10-17 11:35:15","2023-10-17 11:35:15",""),
("107","3","9","XII RPL","","0","0","2023-10-17 11:35:15","2023-10-17 11:35:15",""),
("108","4","9","XII RPL","","0","0","2023-10-17 11:35:15","2023-10-17 11:35:15",""),
("109","5","9","XII RPL","","0","0","2023-10-17 11:35:15","2023-10-17 11:35:15",""),
("110","6","9","XII RPL","","0","0","2023-10-17 11:35:15","2023-10-17 11:35:15",""),
("111","7","9","XII RPL","","0","0","2023-10-17 11:35:15","2023-10-17 11:35:15",""),
("112","8","9","XII RPL","","0","0","2023-10-17 11:35:15","2023-10-17 11:35:15",""),
("113","9","9","XII RPL","","0","0","2023-10-17 11:35:15","2023-10-17 11:35:15",""),
("114","10","9","XII RPL","","0","0","2023-10-17 11:35:15","2023-10-17 11:35:15",""),
("115","11","9","XII RPL","","0","0","2023-10-17 11:35:15","2023-10-17 11:35:15",""),
("116","12","9","XII RPL","","0","0","2023-10-17 11:35:15","2023-10-17 11:35:15",""),
("117","13","9","XII RPL","","0","0","2023-10-17 11:35:15","2023-10-17 11:35:15",""),
("118","1","10","XII RPL","","0","446001","2023-10-17 11:35:15","2023-10-17 11:35:15",""),
("119","2","10","XII RPL","","0","53999","2023-10-17 11:35:15","2023-10-17 11:35:15",""),
("120","3","10","XII RPL","","0","0","2023-10-17 11:35:15","2023-10-17 11:35:15",""),
("121","4","10","XII RPL","","0","0","2023-10-17 11:35:15","2023-10-17 11:35:15",""),
("122","5","10","XII RPL","","0","0","2023-10-17 11:35:15","2023-10-17 11:35:15",""),
("123","6","10","XII RPL","","0","0","2023-10-17 11:35:15","2023-10-17 11:35:15",""),
("124","7","10","XII RPL","","0","0","2023-10-17 11:35:15","2023-10-17 11:35:15",""),
("125","8","10","XII RPL","","0","0","2023-10-17 11:35:15","2023-10-17 11:35:15",""),
("126","9","10","XII RPL","","0","0","2023-10-17 11:35:15","2023-10-17 11:35:15",""),
("127","10","10","XII RPL","","0","0","2023-10-17 11:35:15","2023-10-17 11:35:15",""),
("128","11","10","XII RPL","","0","0","2023-10-17 11:35:15","2023-10-17 11:35:15",""),
("129","12","10","XII RPL","","0","0","2023-10-17 11:35:15","2023-10-17 11:35:15",""),
("130","13","10","XII RPL","","0","0","2023-10-17 11:35:15","2023-10-17 11:35:15",""),
("131","1","11","XII RPL","","0","446001","2023-10-17 11:35:15","2023-10-17 11:35:15",""),
("132","2","11","XII RPL","","0","53999","2023-10-17 11:35:15","2023-10-17 11:35:15",""),
("133","3","11","XII RPL","","0","0","2023-10-17 11:35:15","2023-10-17 11:35:15",""),
("134","4","11","XII RPL","","0","0","2023-10-17 11:35:15","2023-10-17 11:35:15",""),
("135","5","11","XII RPL","","0","0","2023-10-17 11:35:15","2023-10-17 11:35:15",""),
("136","6","11","XII RPL","","0","0","2023-10-17 11:35:15","2023-10-17 11:35:15",""),
("137","7","11","XII RPL","","0","0","2023-10-17 11:35:15","2023-10-17 11:35:15",""),
("138","8","11","XII RPL","","0","0","2023-10-17 11:35:15","2023-10-17 11:35:15",""),
("139","9","11","XII RPL","","0","0","2023-10-17 11:35:15","2023-10-17 11:35:15",""),
("140","10","11","XII RPL","","0","0","2023-10-17 11:35:15","2023-10-17 11:35:15",""),
("141","11","11","XII RPL","","0","0","2023-10-17 11:35:15","2023-10-17 11:35:15",""),
("142","12","11","XII RPL","","0","0","2023-10-17 11:35:15","2023-10-17 11:35:15",""),
("143","13","11","XII RPL","","0","0","2023-10-17 11:35:15","2023-10-17 11:35:15",""),
("144","1","12","XII RPL","","0","446001","2023-10-17 11:35:15","2023-10-17 11:35:15",""),
("145","2","12","XII RPL","","0","53999","2023-10-17 11:35:15","2023-10-17 11:35:15",""),
("146","3","12","XII RPL","","0","0","2023-10-17 11:35:15","2023-10-17 11:35:15",""),
("147","4","12","XII RPL","","0","0","2023-10-17 11:35:15","2023-10-17 11:35:15",""),
("148","5","12","XII RPL","","0","0","2023-10-17 11:35:15","2023-10-17 11:35:15",""),
("149","6","12","XII RPL","","0","0","2023-10-17 11:35:15","2023-10-17 11:35:15",""),
("150","7","12","XII RPL","","0","0","2023-10-17 11:35:15","2023-10-17 11:35:15",""),
("151","8","12","XII RPL","","0","0","2023-10-17 11:35:15","2023-10-17 11:35:15",""),
("152","9","12","XII RPL","","0","0","2023-10-17 11:35:15","2023-10-17 11:35:15",""),
("153","10","12","XII RPL","","0","0","2023-10-17 11:35:15","2023-10-17 11:35:15",""),
("154","11","12","XII RPL","","0","0","2023-10-17 11:35:15","2023-10-17 11:35:15",""),
("155","12","12","XII RPL","","0","0","2023-10-17 11:35:15","2023-10-17 11:35:15",""),
("156","13","12","XII RPL","","0","0","2023-10-17 11:35:15","2023-10-17 11:35:15",""),
("157","1","13","XII RPL","","0","446001","2023-10-17 11:35:15","2023-10-17 11:35:15",""),
("158","2","13","XII RPL","","0","53999","2023-10-17 11:35:15","2023-10-17 11:35:15",""),
("159","3","13","XII RPL","","0","0","2023-10-17 11:35:15","2023-10-17 11:35:15",""),
("160","4","13","XII RPL","","0","0","2023-10-17 11:35:15","2023-10-17 11:35:15",""),
("161","5","13","XII RPL","","0","0","2023-10-17 11:35:15","2023-10-17 11:35:15",""),
("162","6","13","XII RPL","","0","0","2023-10-17 11:35:15","2023-10-17 11:35:15",""),
("163","7","13","XII RPL","","0","0","2023-10-17 11:35:15","2023-10-17 11:35:15",""),
("164","8","13","XII RPL","","0","0","2023-10-17 11:35:15","2023-10-17 11:35:15",""),
("165","9","13","XII RPL","","0","0","2023-10-17 11:35:15","2023-10-17 11:35:15",""),
("166","10","13","XII RPL","","0","0","2023-10-17 11:35:15","2023-10-17 11:35:15",""),
("167","11","13","XII RPL","","0","0","2023-10-17 11:35:15","2023-10-17 11:35:15",""),
("168","12","13","XII RPL","","0","0","2023-10-17 11:35:15","2023-10-17 11:35:15",""),
("169","13","13","XII RPL","","0","0","2023-10-17 11:35:15","2023-10-17 11:35:15",""),
("170","1","14","XII RPL","","0","446001","2023-10-17 11:35:15","2023-10-17 11:35:15",""),
("171","2","14","XII RPL","","0","53999","2023-10-17 11:35:15","2023-10-17 11:35:15",""),
("172","3","14","XII RPL","","0","0","2023-10-17 11:35:15","2023-10-17 11:35:15",""),
("173","4","14","XII RPL","","0","0","2023-10-17 11:35:15","2023-10-17 11:35:15",""),
("174","5","14","XII RPL","","0","0","2023-10-17 11:35:15","2023-10-17 11:35:15",""),
("175","6","14","XII RPL","","0","0","2023-10-17 11:35:15","2023-10-17 11:35:15",""),
("176","7","14","XII RPL","","0","0","2023-10-17 11:35:15","2023-10-17 11:35:15",""),
("177","8","14","XII RPL","","0","0","2023-10-17 11:35:15","2023-10-17 11:35:15",""),
("178","9","14","XII RPL","","0","0","2023-10-17 11:35:15","2023-10-17 11:35:15",""),
("179","10","14","XII RPL","","0","0","2023-10-17 11:35:15","2023-10-17 11:35:15",""),
("180","11","14","XII RPL","","0","0","2023-10-17 11:35:15","2023-10-17 11:35:15",""),
("181","12","14","XII RPL","","0","0","2023-10-17 11:35:15","2023-10-17 11:35:15",""),
("182","13","14","XII RPL","","0","0","2023-10-17 11:35:15","2023-10-17 11:35:15",""),
("183","1","15","XII RPL","","0","446000","2023-10-17 11:35:15","2023-10-17 11:35:15",""),
("184","2","15","XII RPL","","0","446000","2023-10-17 11:35:15","2023-10-17 11:35:15",""),
("185","3","15","XII RPL","","0","446000","2023-10-17 11:35:15","2023-10-17 11:35:15",""),
("186","4","15","XII RPL","","0","1608000","2023-10-17 11:35:15","2023-10-17 11:35:15",""),
("187","5","15","XII RPL","","0","0","2023-10-17 11:35:15","2023-10-17 11:35:15",""),
("188","6","15","XII RPL","","0","0","2023-10-17 11:35:15","2023-10-17 11:35:15",""),
("189","7","15","XII RPL","","0","0","2023-10-17 11:35:15","2023-10-17 11:35:15",""),
("190","8","15","XII RPL","","0","0","2023-10-17 11:35:15","2023-10-17 11:35:15",""),
("191","9","15","XII RPL","","0","0","2023-10-17 11:35:15","2023-10-17 11:35:15",""),
("192","10","15","XII RPL","","0","0","2023-10-17 11:35:15","2023-10-17 11:35:15",""),
("193","11","15","XII RPL","","0","0","2023-10-17 11:35:15","2023-10-17 11:35:15",""),
("194","12","15","XII RPL","","0","0","2023-10-17 11:35:15","2023-10-17 11:35:15",""),
("195","13","15","XII RPL","","0","0","2023-10-17 11:35:15","2023-10-17 11:35:15",""),
("196","1","16","XII RPL","","0","446001","2023-10-17 11:35:15","2023-10-17 11:35:15",""),
("197","2","16","XII RPL","","0","53999","2023-10-17 11:35:15","2023-10-17 11:35:15",""),
("198","3","16","XII RPL","","0","0","2023-10-17 11:35:15","2023-10-17 11:35:15",""),
("199","4","16","XII RPL","","0","0","2023-10-17 11:35:15","2023-10-17 11:35:15",""),
("200","5","16","XII RPL","","0","0","2023-10-17 11:35:15","2023-10-17 11:35:15","");
INSERT INTO tagihan VALUES
("201","6","16","XII RPL","","0","0","2023-10-17 11:35:15","2023-10-17 11:35:15",""),
("202","7","16","XII RPL","","0","0","2023-10-17 11:35:15","2023-10-17 11:35:15",""),
("203","8","16","XII RPL","","0","0","2023-10-17 11:35:15","2023-10-17 11:35:15",""),
("204","9","16","XII RPL","","0","0","2023-10-17 11:35:15","2023-10-17 11:35:15",""),
("205","10","16","XII RPL","","0","0","2023-10-17 11:35:15","2023-10-17 11:35:15",""),
("206","11","16","XII RPL","","0","0","2023-10-17 11:35:15","2023-10-17 11:35:15",""),
("207","12","16","XII RPL","","0","0","2023-10-17 11:35:15","2023-10-17 11:35:15",""),
("208","13","16","XII RPL","","0","0","2023-10-17 11:35:15","2023-10-17 11:35:15",""),
("209","1","17","XII RPL","","0","446001","2023-10-17 11:35:15","2023-10-17 11:35:15",""),
("210","2","17","XII RPL","","0","53999","2023-10-17 11:35:15","2023-10-17 11:35:15",""),
("211","3","17","XII RPL","","0","0","2023-10-17 11:35:15","2023-10-17 11:35:15",""),
("212","4","17","XII RPL","","0","0","2023-10-17 11:35:15","2023-10-17 11:35:15",""),
("213","5","17","XII RPL","","0","0","2023-10-17 11:35:15","2023-10-17 11:35:15",""),
("214","6","17","XII RPL","","0","0","2023-10-17 11:35:15","2023-10-17 11:35:15",""),
("215","7","17","XII RPL","","0","0","2023-10-17 11:35:15","2023-10-17 11:35:15",""),
("216","8","17","XII RPL","","0","0","2023-10-17 11:35:15","2023-10-17 11:35:15",""),
("217","9","17","XII RPL","","0","0","2023-10-17 11:35:15","2023-10-17 11:35:15",""),
("218","10","17","XII RPL","","0","0","2023-10-17 11:35:15","2023-10-17 11:35:15",""),
("219","11","17","XII RPL","","0","0","2023-10-17 11:35:15","2023-10-17 11:35:15",""),
("220","12","17","XII RPL","","0","0","2023-10-17 11:35:15","2023-10-17 11:35:15",""),
("221","13","17","XII RPL","","0","0","2023-10-17 11:35:15","2023-10-17 11:35:15",""),
("222","1","18","XII RPL","","0","446001","2023-10-17 11:35:15","2023-10-17 11:35:15",""),
("223","2","18","XII RPL","","0","53999","2023-10-17 11:35:15","2023-10-17 11:35:15",""),
("224","3","18","XII RPL","","0","0","2023-10-17 11:35:15","2023-10-17 11:35:15",""),
("225","4","18","XII RPL","","0","0","2023-10-17 11:35:15","2023-10-17 11:35:15",""),
("226","5","18","XII RPL","","0","0","2023-10-17 11:35:15","2023-10-17 11:35:15",""),
("227","6","18","XII RPL","","0","0","2023-10-17 11:35:15","2023-10-17 11:35:15",""),
("228","7","18","XII RPL","","0","0","2023-10-17 11:35:15","2023-10-17 11:35:15",""),
("229","8","18","XII RPL","","0","0","2023-10-17 11:35:15","2023-10-17 11:35:15",""),
("230","9","18","XII RPL","","0","0","2023-10-17 11:35:15","2023-10-17 11:35:15",""),
("231","10","18","XII RPL","","0","0","2023-10-17 11:35:15","2023-10-17 11:35:15",""),
("232","11","18","XII RPL","","0","0","2023-10-17 11:35:15","2023-10-17 11:35:15",""),
("233","12","18","XII RPL","","0","0","2023-10-17 11:35:15","2023-10-17 11:35:15",""),
("234","13","18","XII RPL","","0","0","2023-10-17 11:35:15","2023-10-17 11:35:15","");

CREATE TABLE `user` (
  `id_user` int(10) NOT NULL AUTO_INCREMENT,
  `nama` varchar(200) NOT NULL,
  `username` varchar(200) NOT NULL,
  `password` varchar(200) NOT NULL,
  `hak_akses` int(1) NOT NULL,
  `dibuat_pada` datetime NOT NULL DEFAULT current_timestamp(),
  `diubah_pada` datetime NOT NULL DEFAULT current_timestamp(),
  `dihapus_pada` datetime DEFAULT NULL,
  PRIMARY KEY (`id_user`)
) ENGINE=InnoDB AUTO_INCREMENT=2 DEFAULT CHARSET=latin1 COLLATE=latin1_swedish_ci;

INSERT INTO user VALUES
("1","Williams Jacobus Felanuel","admin","admin","1","2023-08-31 08:47:29","2023-08-31 08:47:29","");